{
  "8.8.8.8": {
    "host": "dns.google",
    "hops": [
      {
        "ttl": 1,
        "metrics": {
          "UDP": {
            "sent": 1,
            "recv": 1,
            "loss": 0.0,
            "avg_rtt": 0.013143062591552734
          },
          "TCP": {
            "sent": 1,
            "recv": 1,
            "loss": 0.0,
            "avg_rtt": 0.005318880081176758
          },
          "ICMP": {
            "sent": 1,
            "recv": 1,
            "loss": 0.0,
            "avg_rtt": 0.005003213882446289
          }
        },
        "series": [
          [
            {
              "proto": "UDP",
              "rtt": 0.013143062591552734,
              "src": "10.209.64.1",
              "code": 0
            }
          ],
          [
            {
              "proto": "TCP",
              "rtt": 0.005318880081176758,
              "src": "10.209.64.1",
              "code": 0
            }
          ],
          [
            {
              "proto": "ICMP",
              "rtt": 0.005003213882446289,
              "src": "10.209.64.1",
              "code": 0
            }
          ]
        ]
      },
      {
        "ttl": 2,
        "metrics": {
          "UDP": {
            "sent": 1,
            "recv": 1,
            "loss": 0.0,
            "avg_rtt": 0.008679866790771484
          },
          "TCP": {
            "sent": 1,
            "recv": 1,
            "loss": 0.0,
            "avg_rtt": 0.0083770751953125
          },
          "ICMP": {
            "sent": 1,
            "recv": 1,
            "loss": 0.0,
            "avg_rtt": 0.008105993270874023
          }
        },
        "series": [
          [
            {
              "proto": "UDP",
              "rtt": 0.008679866790771484,
              "src": "10.213.33.33",
              "code": 0
            }
          ],
          [
            {
              "proto": "TCP",
              "rtt": 0.0083770751953125,
              "src": "10.213.32.41",
              "code": 0
            }
          ],
          [
            {
              "proto": "ICMP",
              "rtt": 0.008105993270874023,
              "src": "10.213.33.25",
              "code": 0
            }
          ]
        ]
      },
      {
        "ttl": 3,
        "metrics": {
          "UDP": {
            "sent": 1,
            "recv": 0,
            "loss": 1.0,
            "avg_rtt": null
          },
          "TCP": {
            "sent": 1,
            "recv": 1,
            "loss": 0.0,
            "avg_rtt": 0.007677793502807617
          },
          "ICMP": {
            "sent": 1,
            "recv": 1,
            "loss": 0.0,
            "avg_rtt": 0.007416963577270508
          }
        },
        "series": [
          [
            {
              "proto": "UDP",
              "rtt": null,
              "src": null,
              "code": null
            }
          ],
          [
            {
              "proto": "TCP",
              "rtt": 0.007677793502807617,
              "src": "10.213.33.33",
              "code": 0
            }
          ],
          [
            {
              "proto": "ICMP",
              "rtt": 0.007416963577270508,
              "src": "10.213.32.41",
              "code": 0
            }
          ]
        ]
      },
      {
        "ttl": 4,
        "metrics": {
          "UDP": {
            "sent": 1,
            "recv": 0,
            "loss": 1.0,
            "avg_rtt": null
          },
          "TCP": {
            "sent": 1,
            "recv": 0,
            "loss": 1.0,
            "avg_rtt": null
          },
          "ICMP": {
            "sent": 1,
            "recv": 1,
            "loss": 0.0,
            "avg_rtt": 0.009348154067993164
          }
        },
        "series": [
          [
            {
              "proto": "UDP",
              "rtt": null,
              "src": null,
              "code": null
            }
          ],
          [
            {
              "proto": "TCP",
              "rtt": null,
              "src": null,
              "code": null
            }
          ],
          [
            {
              "proto": "ICMP",
              "rtt": 0.009348154067993164,
              "src": "10.213.32.22",
              "code": 0
            }
          ]
        ]
      },
      {
        "ttl": 5,
        "metrics": {
          "UDP": {
            "sent": 1,
            "recv": 0,
            "loss": 1.0,
            "avg_rtt": null
          },
          "TCP": {
            "sent": 1,
            "recv": 0,
            "loss": 1.0,
            "avg_rtt": null
          },
          "ICMP": {
            "sent": 1,
            "recv": 1,
            "loss": 0.0,
            "avg_rtt": 0.03773188591003418
          }
        },
        "series": [
          [
            {
              "proto": "UDP",
              "rtt": null,
              "src": null,
              "code": null
            }
          ],
          [
            {
              "proto": "TCP",
              "rtt": null,
              "src": null,
              "code": null
            }
          ],
          [
            {
              "proto": "ICMP",
              "rtt": 0.03773188591003418,
              "src": "203.85.128.94",
              "code": 0
            }
          ]
        ]
      },
      {
        "ttl": 6,
        "metrics": {
          "UDP": {
            "sent": 1,
            "recv": 0,
            "loss": 1.0,
            "avg_rtt": null
          },
          "TCP": {
            "sent": 1,
            "recv": 0,
            "loss": 1.0,
            "avg_rtt": null
          },
          "ICMP": {
            "sent": 1,
            "recv": 1,
            "loss": 0.0,
            "avg_rtt": 0.036995887756347656
          }
        },
        "series": [
          [
            {
              "proto": "UDP",
              "rtt": null,
              "src": null,
              "code": null
            }
          ],
          [
            {
              "proto": "TCP",
              "rtt": null,
              "src": null,
              "code": null
            }
          ],
          [
            {
              "proto": "ICMP",
              "rtt": 0.036995887756347656,
              "src": "202.76.18.60",
              "code": 0
            }
          ]
        ]
      },
      {
        "ttl": 7,
        "metrics": {
          "UDP": {
            "sent": 1,
            "recv": 0,
            "loss": 1.0,
            "avg_rtt": null
          },
          "TCP": {
            "sent": 1,
            "recv": 0,
            "loss": 1.0,
            "avg_rtt": null
          },
          "ICMP": {
            "sent": 1,
            "recv": 1,
            "loss": 0.0,
            "avg_rtt": 0.03628873825073242
          }
        },
        "series": [
          [
            {
              "proto": "UDP",
              "rtt": null,
              "src": null,
              "code": null
            }
          ],
          [
            {
              "proto": "TCP",
              "rtt": null,
              "src": null,
              "code": null
            }
          ],
          [
            {
              "proto": "ICMP",
              "rtt": 0.03628873825073242,
              "src": "202.76.18.72",
              "code": 0
            }
          ]
        ]
      },
      {
        "ttl": 8,
        "metrics": {
          "UDP": {
            "sent": 1,
            "recv": 0,
            "loss": 1.0,
            "avg_rtt": null
          },
          "TCP": {
            "sent": 1,
            "recv": 0,
            "loss": 1.0,
            "avg_rtt": null
          },
          "ICMP": {
            "sent": 1,
            "recv": 1,
            "loss": 0.0,
            "avg_rtt": 0.041158199310302734
          }
        },
        "series": [
          [
            {
              "proto": "UDP",
              "rtt": null,
              "src": null,