{
  "8.8.8.8": {
    "host": "dns.google",
    "hops": [
      {
        "ttl": 1,
        "metrics": {
          "UDP": {
            "sent": 1,
            "recv": 1,
            "loss": 0.0,
            "avg_rtt": 0.016090869903564453
          },
          "TCP": {
            "sent": 1,
            "recv": 1,
            "loss": 0.0,
            "avg_rtt": 0.008752822875976562
          },
          "ICMP": {
            "sent": 1,
            "recv": 1,
            "loss": 0.0,
            "avg_rtt": 0.00845193862915039
          }
        },
        "series": [
          [
            {
              "proto": "UDP",
              "rtt": 0.016090869903564453,
              "src": "10.213.33.33",
              "code": 0
            }
          ],
          [
            {
              "proto": "TCP",
              "rtt": 0.008752822875976562,
              "src": "10.213.32.41",
              "code": 0
            }
          ],
          [
            {
              "proto": "ICMP",
              "rtt": 0.00845193862915039,
              "src": "10.213.33.25",
              "code": 0
            }
          ]
        ]
      },
      {
        "ttl": 2,
        "metrics": {
          "UDP": {
            "sent": 1,
            "recv": 1,
            "loss": 0.0,
            "avg_rtt": 0.008232831954956055
          },
          "TCP": {
            "sent": 1,
            "recv": 1,
            "loss": 0.0,
            "avg_rtt": 0.008009910583496094
          },
          "ICMP": {
            "sent": 1,
            "recv": 1,
            "loss": 0.0,
            "avg_rtt": 0.0077440738677978516
          }
        },
        "series": [
          [
            {
              "proto": "UDP",
              "rtt": 0.008232831954956055,
              "src": "10.209.64.1",
              "code": 0
            }
          ],
          [
            {
              "proto": "TCP",
              "rtt": 0.008009910583496094,
              "src": "10.213.33.33",
              "code": 0
            }
          ],
          [
            {
              "proto": "ICMP",
              "rtt": 0.0077440738677978516,
              "src": "10.213.32.41",
              "code": 0
            }
          ]
        ]
      },
      {
        "ttl": 3,
        "metrics": {
          "UDP": {
            "sent": 1,
            "recv": 0,
            "loss": 1.0,
            "avg_rtt": null
          },
          "TCP": {
            "sent": 1,
            "recv": 1,
            "loss": 0.0,
            "avg_rtt": 0.007318973541259766
          },
          "ICMP": {
            "sent": 1,
            "recv": 1,
            "loss": 0.0,
            "avg_rtt": 0.007055759429931641
          }
        },
        "series": [
          [
            {
              "proto": "UDP",
              "rtt": null,
              "src": null,
              "code": null
            }
          ],
          [
            {
              "proto": "TCP",
              "rtt": 0.007318973541259766,
              "src": "10.209.64.1",
              "code": 0
            }
          ],
          [
            {
              "proto": "ICMP",
              "rtt": 0.007055759429931641,
              "src": "10.209.64.1",
              "code": 0
            }
          ]
        ]
      },
      {
        "ttl": 4,
        "metrics": {
          "UDP": {
            "sent": 1,
            "recv": 0,
            "loss": 1.0,
            "avg_rtt": null
          },
          "TCP": {
            "sent": 1,
            "recv": 0,
            "loss": 1.0,
            "avg_rtt": null
          },
          "ICMP": {
            "sent": 1,
            "recv": 1,
            "loss": 0.0,
            "avg_rtt": 0.006273984909057617
          }
        },
        "series": [
          [
            {
              "proto": "UDP",
              "rtt": null,
              "src": null,
              "code": null
            }
          ],
          [
            {
              "proto": "TCP",
              "rtt": null,
              "src": null,
              "code": null
            }
          ],
          [
            {
              "proto": "ICMP",
              "rtt": 0.006273984909057617,
              "src": "10.213.32.22",
              "code": 0
            }
          ]
        ]
      },
      {
        "ttl": 5,
        "metrics": {
          "UDP": {
            "sent": 1,
            "recv": 0,
            "loss": 1.0,
            "avg_rtt": null
          },
          "TCP": {
            "sent": 1,
            "recv": 0,
            "loss": 1.0,
            "avg_rtt": null
          },
          "ICMP": {
            "sent": 1,
            "recv": 1,
            "loss": 0.0,
            "avg_rtt": 0.035218000411987305
          }
        },
        "series": [
          [
            {
              "proto": "UDP",
              "rtt": null,
              "src": null,
              "code": null
            }
          ],
          [
            {
              "proto": "TCP",
              "rtt": null,
              "src": null,
              "code": null
            }
          ],
          [
            {
              "proto": "ICMP",
              "rtt": 0.035218000411987305,
              "src": "203.85.128.94",
              "code": 0
            }
          ]
        ]
      },
      {
        "ttl": 6,
        "metrics": {
          "UDP": {
            "sent": 1,
            "recv": 0,
            "loss": 1.0,
            "avg_rtt": null
          },
          "TCP": {
            "sent": 1,
            "recv": 0,
            "loss": 1.0,
            "avg_rtt": null
          },
          "ICMP": {
            "sent": 1,
            "recv": 1,
            "loss": 0.0,
            "avg_rtt": 0.03454995155334473
          }
        },
        "series": [
          [
            {
              "proto": "UDP",
              "rtt": null,
              "src": null,
              "code": null
            }
          ],
          [
            {
              "proto": "TCP",
              "rtt": null,
              "src": null,
              "code": null
            }
          ],
          [
            {
              "proto": "ICMP",
              "rtt": 0.03454995155334473,
              "src": "202.76.18.72",
              "code": 0
            }
          ]
        ]
      },
      {
        "ttl": 7,
        "metrics": {
          "UDP": {
            "sent": 1,
            "recv": 0,
            "loss": 1.0,
            "avg_rtt": null
          },
          "TCP": {
            "sent": 1,
            "recv": 0,
            "loss": 1.0,
            "avg_rtt": null
          },
          "ICMP": {
            "sent": 1,
            "recv": 1,
            "loss": 0.0,
            "avg_rtt": 0.03608584403991699
          }
        },
        "series": [
          [
            {
              "proto": "UDP",
              "rtt": null,
              "src": null,
              "code": null
            }
          ],
          [
            {
              "proto": "TCP",
              "rtt": null,
              "src": null,
              "code": null
            }
          ],
          [
            {
              "proto": "ICMP",
              "rtt": 0.03608584403991699,
              "src": "202.76.18.60",
              "code": 0
            }
          ]
        ]
      },
      {
        "ttl": 8,
        "metrics": {
          "UDP": {
            "sent": 1,
            "recv": 0,
            "loss": 1.0,
            "avg_rtt": null
          },
          "TCP": {
            "sent": 1,
            "recv": 0,
            "loss": 1.0,
            "avg_rtt": null
          },
          "ICMP": {
            "sent": 1,
            "recv": 1,
            "loss": 0.0,
            "avg_rtt": 0.036730289459228516
          }
        },
        "series": [
          [
            {
              "proto": "UDP",
              "rtt": null,
              "src": null,