{
  "8.8.8.8": {
    "host": "dns.google",
    "hops": [
      {
        "ttl": 1,
        "metrics": {
          "UDP": {
            "sent": 1,
            "recv": 1,
            "loss": 0.0,
            "avg_rtt": 0.014651060104370117
          },
          "TCP": {
            "sent": 1,
            "recv": 1,
            "loss": 0.0,
            "avg_rtt": 0.020998239517211914
          },
          "ICMP": {
            "sent": 1,
            "recv": 1,
            "loss": 0.0,
            "avg_rtt": 0.014531135559082031
          }
        },
        "series": [
          [
            {
              "proto": "UDP",
              "rtt": 0.014651060104370117,
              "src": "10.209.64.1",
              "code": 0
            }
          ],
          [
            {
              "proto": "TCP",
              "rtt": 0.020998239517211914,
              "src": "10.209.64.1",
              "code": 0
            }
          ],
          [
            {
              "proto": "ICMP",
              "rtt": 0.014531135559082031,
              "src": "10.209.64.1",
              "code": 0
            }
          ]
        ]
      },
      {
        "ttl": 2,
        "metrics": {
          "UDP": {
            "sent": 1,
            "recv": 1,
            "loss": 0.0,
            "avg_rtt": 0.012879133224487305
          },
          "TCP": {
            "sent": 1,
            "recv": 1,
            "loss": 0.0,
            "avg_rtt": 0.014444828033447266
          },
          "ICMP": {
            "sent": 1,
            "recv": 1,
            "loss": 0.0,
            "avg_rtt": 0.01571488380432129
          }
        },
        "series": [
          [
            {
              "proto": "UDP",
              "rtt": 0.012879133224487305,
              "src": "10.213.33.25",
              "code": 0
            }
          ],
          [
            {
              "proto": "TCP",
              "rtt": 0.014444828033447266,
              "src": "10.213.33.25",
              "code": 0
            }
          ],
          [
            {
              "proto": "ICMP",
              "rtt": 0.01571488380432129,
              "src": "10.213.33.33",
              "code": 0
            }
          ]
        ]
      },
      {
        "ttl": 3,
        "metrics": {
          "UDP": {
            "sent": 1,
            "recv": 0,
            "loss": 1.0,
            "avg_rtt": null
          },
          "TCP": {
            "sent": 1,
            "recv": 1,
            "loss": 0.0,
            "avg_rtt": 0.014690160751342773
          },
          "ICMP": {
            "sent": 1,
            "recv": 1,
            "loss": 0.0,
            "avg_rtt": 0.02132701873779297
          }
        },
        "series": [
          [
            {
              "proto": "UDP",
              "rtt": null,
              "src": null,
              "code": null
            }
          ],
          [
            {
              "proto": "TCP",
              "rtt": 0.014690160751342773,
              "src": "10.213.32.41",
              "code": 0
            }
          ],
          [
            {
              "proto": "ICMP",
              "rtt": 0.02132701873779297,
              "src": "10.213.32.41",
              "code": 0
            }
          ]
        ]
      },
      {
        "ttl": 4,
        "metrics": {
          "UDP": {
            "sent": 1,
            "recv": 0,
            "loss": 1.0,
            "avg_rtt": null
          },
          "TCP": {
            "sent": 1,
            "recv": 0,
            "loss": 1.0,
            "avg_rtt": null
          },
          "ICMP": {
            "sent": 1,
            "recv": 1,
            "loss": 0.0,
            "avg_rtt": 0.022372961044311523
          }
        },
        "series": [
          [
            {
              "proto": "UDP",
              "rtt": null,
              "src": null,
              "code": null
            }
          ],
          [
            {
              "proto": "TCP",
              "rtt": null,
              "src": null,
              "code": null
            }
          ],
          [
            {
              "proto": "ICMP",
              "rtt": 0.022372961044311523,
              "src": "10.213.32.21",
              "code": 0
            }
          ]
        ]
      },
      {
        "ttl": 5,
        "metrics": {
          "UDP": {
            "sent": 1,
            "recv": 0,
            "loss": 1.0,
            "avg_rtt": null
          },
          "TCP": {
            "sent": 1,
            "recv": 0,
            "loss": 1.0,
            "avg_rtt": null
          },
          "ICMP": {
            "sent": 1,
            "recv": 1,
            "loss": 0.0,
            "avg_rtt": 0.15033888816833496
          }
        },
        "series": [
          [
            {
              "proto": "UDP",
              "rtt": null,
              "src": null,
              "code": null
            }
          ],
          [
            {
              "proto": "TCP",
              "rtt": null,
              "src": null,
              "code": null
            }
          ],
          [
            {
              "proto": "ICMP",
              "rtt": 0.15033888816833496,
              "src": "202.76.48.118",
              "code": 0
            }
          ]
        ]
      },
      {
        "ttl": 6,
        "metrics": {
          "UDP": {
            "sent": 1,
            "recv": 0,
            "loss": 1.0,
            "avg_rtt": null
          },
          "TCP": {
            "sent": 1,
            "recv": 0,
            "loss": 1.0,
            "avg_rtt": null
          },
          "ICMP": {
            "sent": 1,
            "recv": 1,
            "loss": 0.0,
            "avg_rtt": 0.27343320846557617
          }
        },
        "series": [
          [
            {
              "proto": "UDP",
              "rtt": null,
              "src": null,
              "code": null
            }
          ],
          [
            {
              "proto": "TCP",
              "rtt": null,
              "src": null,
              "code": null
            }
          ],
          [
            {
              "proto": "ICMP",
              "rtt": 0.27343320846557617,
              "src": "202.76.18.76",
              "code": 0
            }
          ]
        ]
      },
      {
        "ttl": 7,
        "metrics": {
          "UDP": {
            "sent": 1,
            "recv": 0,
            "loss": 1.0,
            "avg_rtt": null
          },
          "TCP": {
            "sent": 1,
            "recv": 0,
            "loss": 1.0,
            "avg_rtt": null
          },
          "ICMP": {
            "sent": 1,
            "recv": 1,
            "loss": 0.0,
            "avg_rtt": 0.20111513137817383
          }
        },
        "series": [
          [
            {
              "proto": "UDP",
              "rtt": null,
              "src": null,
              "code": null
            }
          ],
          [
            {
              "proto": "TCP",
              "rtt": null,
              "src": null,
              "code": null
            }
          ],
          [
            {
              "proto": "ICMP",
              "rtt": 0.20111513137817383,
              "src": "202.76.18.62",
              "code": 0
            }
          ]
        ]
      },
      {
        "ttl": 8,
        "metrics": {
          "UDP": {
            "sent": 1,
            "recv": 0,
            "loss": 1.0,
            "avg_rtt": null
          },
          "TCP": {
            "sent": 1,
            "recv": 0,
            "loss": 1.0,
            "avg_rtt": null
          },
          "ICMP": {
            "sent": 1,
            "recv": 1,
            "loss": 0.0,
            "avg_rtt": 0.0445709228515625
          }
        },
        "series": [
          [
            {
              "proto": "UDP",
              "rtt": null,
              "src": null,