{
  "8.8.8.8": {
    "host": "dns.google",
    "hops": [
      {
        "ttl": 1,
        "metrics": {
          "UDP": {
            "sent": 1,
            "recv": 1,
            "loss": 0.0,
            "avg_rtt": 0.0166780948638916
          },
          "TCP": {
            "sent": 1,
            "recv": 1,
            "loss": 0.0,
            "avg_rtt": 0.017084836959838867
          },
          "ICMP": {
            "sent": 1,
            "recv": 1,
            "loss": 0.0,
            "avg_rtt": 0.017181873321533203
          }
        },
        "series": [
          [
            {
              "proto": "UDP",
              "rtt": 0.0166780948638916,
              "src": "10.209.64.1",
              "code": 0
            }
          ],
          [
            {
              "proto": "TCP",
              "rtt": 0.017084836959838867,
              "src": "10.209.64.1",
              "code": 0
            }
          ],
          [
            {
              "proto": "ICMP",
              "rtt": 0.017181873321533203,
              "src": "10.209.64.1",
              "code": 0
            }
          ]
        ]
      },
      {
        "ttl": 2,
        "metrics": {
          "UDP": {
            "sent": 1,
            "recv": 1,
            "loss": 0.0,
            "avg_rtt": 0.016583919525146484
          },
          "TCP": {
            "sent": 1,
            "recv": 1,
            "loss": 0.0,
            "avg_rtt": 0.020193099975585938
          },
          "ICMP": {
            "sent": 1,
            "recv": 1,
            "loss": 0.0,
            "avg_rtt": 0.012606143951416016
          }
        },
        "series": [
          [
            {
              "proto": "UDP",
              "rtt": 0.016583919525146484,
              "src": "10.213.33.33",
              "code": 0
            }
          ],
          [
            {
              "proto": "TCP",
              "rtt": 0.020193099975585938,
              "src": "10.213.33.33",
              "code": 0
            }
          ],
          [
            {
              "proto": "ICMP",
              "rtt": 0.012606143951416016,
              "src": "10.213.33.25",
              "code": 0
            }
          ]
        ]
      },
      {
        "ttl": 3,
        "metrics": {
          "UDP": {
            "sent": 1,
            "recv": 0,
            "loss": 1.0,
            "avg_rtt": null
          },
          "TCP": {
            "sent": 1,
            "recv": 1,
            "loss": 0.0,
            "avg_rtt": 0.051627159118652344
          },
          "ICMP": {
            "sent": 1,
            "recv": 1,
            "loss": 0.0,
            "avg_rtt": 0.04613304138183594
          }
        },
        "series": [
          [
            {
              "proto": "UDP",
              "rtt": null,
              "src": null,
              "code": null
            }
          ],
          [
            {
              "proto": "TCP",
              "rtt": 0.051627159118652344,
              "src": "10.213.32.41",
              "code": 0
            }
          ],
          [
            {
              "proto": "ICMP",
              "rtt": 0.04613304138183594,
              "src": "10.213.32.41",
              "code": 0
            }
          ]
        ]
      },
      {
        "ttl": 4,
        "metrics": {
          "UDP": {
            "sent": 1,
            "recv": 0,
            "loss": 1.0,
            "avg_rtt": null
          },
          "TCP": {
            "sent": 1,
            "recv": 0,
            "loss": 1.0,
            "avg_rtt": null
          },
          "ICMP": {
            "sent": 1,
            "recv": 1,
            "loss": 0.0,
            "avg_rtt": 0.013519048690795898
          }
        },
        "series": [
          [
            {
              "proto": "UDP",
              "rtt": null,
              "src": null,
              "code": null
            }
          ],
          [
            {
              "proto": "TCP",
              "rtt": null,
              "src": null,
              "code": null
            }
          ],
          [
            {
              "proto": "ICMP",
              "rtt": 0.013519048690795898,
              "src": "10.213.32.22",
              "code": 0
            }
          ]
        ]
      },
      {
        "ttl": 5,
        "metrics": {
          "UDP": {
            "sent": 1,
            "recv": 0,
            "loss": 1.0,
            "avg_rtt": null
          },
          "TCP": {
            "sent": 1,
            "recv": 0,
            "loss": 1.0,
            "avg_rtt": null
          },
          "ICMP": {
            "sent": 1,
            "recv": 1,
            "loss": 0.0,
            "avg_rtt": 0.0435178279876709
          }
        },
        "series": [
          [
            {
              "proto": "UDP",
              "rtt": null,
              "src": null,
              "code": null
            }
          ],
          [
            {
              "proto": "TCP",
              "rtt": null,
              "src": null,
              "code": null
            }
          ],
          [
            {
              "proto": "ICMP",
              "rtt": 0.0435178279876709,
              "src": "203.85.128.94",
              "code": 0
            }
          ]
        ]
      },
      {
        "ttl": 6,
        "metrics": {
          "UDP": {
            "sent": 1,
            "recv": 0,
            "loss": 1.0,
            "avg_rtt": null
          },
          "TCP": {
            "sent": 1,
            "recv": 0,
            "loss": 1.0,
            "avg_rtt": null
          },
          "ICMP": {
            "sent": 1,
            "recv": 1,
            "loss": 0.0,
            "avg_rtt": 0.04537701606750488
          }
        },
        "series": [
          [
            {
              "proto": "UDP",
              "rtt": null,
              "src": null,
              "code": null
            }
          ],
          [
            {
              "proto": "TCP",
              "rtt": null,
              "src": null,
              "code": null
            }
          ],
          [
            {
              "proto": "ICMP",
              "rtt": 0.04537701606750488,
              "src": "202.76.18.72",
              "code": 0
            }
          ]
        ]
      },
      {
        "ttl": 7,
        "metrics": {
          "UDP": {
            "sent": 1,
            "recv": 0,
            "loss": 1.0,
            "avg_rtt": null
          },
          "TCP": {
            "sent": 1,
            "recv": 0,
            "loss": 1.0,
            "avg_rtt": null
          },
          "ICMP": {
            "sent": 1,
            "recv": 1,
            "loss": 0.0,
            "avg_rtt": 0.05183100700378418
          }
        },
        "series": [
          [
            {
              "proto": "UDP",
              "rtt": null,
              "src": null,
              "code": null
            }
          ],
          [
            {
              "proto": "TCP",
              "rtt": null,
              "src": null,
              "code": null
            }
          ],
          [
            {
              "proto": "ICMP",
              "rtt": 0.05183100700378418,
              "src": "202.76.18.60",
              "code": 0
            }
          ]
        ]
      },
      {
        "ttl": 8,
        "metrics": {
          "UDP": {
            "sent": 1,
            "recv": 0,
            "loss": 1.0,
            "avg_rtt": null
          },
          "TCP": {
            "sent": 1,
            "recv": 0,
            "loss": 1.0,
            "avg_rtt": null
          },
          "ICMP": {
            "sent": 1,
            "recv": 1,
            "loss": 0.0,
            "avg_rtt": 0.0468900203704834
          }
        },
        "series": [
          [
            {
              "proto": "UDP",
              "rtt": null,
              "src": null,